filename,basename,toolid,toolmode,parser_version,runid,start,duration,exit_code,findings,infos,errors,fails
SBCurated/0x01f8c4e3fa3edeb29e514cba738d87ce8c091d3f.sol,0x01f8c4e3fa3edeb29e514cba738d87ce8c091d3f.sol,mythril-0.23.15,solidity,2023/01/20,20241115_0431,1731677465.5051,501.8591911792755,1,"{Exception_State_SWC_110,External_Call_To_User_Supplied_Address_SWC_107,Integer_Arithmetic_Bugs_SWC_101,Multiple_Calls_in_a_Single_Transaction_SWC_113,State_access_after_external_call_SWC_107}",{},{},{}
SBCurated/0x07f7ecb66d788ab01dc93b9b71a88401de7d0f2e.sol,0x07f7ecb66d788ab01dc93b9b71a88401de7d0f2e.sol,mythril-0.23.15,solidity,2023/01/20,20241115_0431,1731691604.747231,69.77394604682922,1,"{Dependence_on_tx_origin_SWC_115,External_Call_To_User_Supplied_Address_SWC_107,State_access_after_external_call_SWC_107,Unchecked_return_value_from_external_call_SWC_104}",{},{},{}
SBCurated/0x0cbe050f75bc8f8c2d6c0d249fea125fd6e1acc9.sol,0x0cbe050f75bc8f8c2d6c0d249fea125fd6e1acc9.sol,mythril-0.23.15,solidity,2023/01/20,20241115_0431,1731677457.048575,8.455193042755127,1,"{External_Call_To_User_Supplied_Address_SWC_107,Unchecked_return_value_from_external_call_SWC_104}",{},{},{}
SBCurated/0x19cf8481ea15427a98ba3cdd6d9e14690011ab10.sol,0x19cf8481ea15427a98ba3cdd6d9e14690011ab10.sol,mythril-0.23.15,solidity,2023/01/20,20241115_0431,1731649821.648053,5943.86031794548,1,"{Dependence_on_predictable_environment_variable_SWC_120,External_Call_To_User_Supplied_Address_SWC_107,Integer_Arithmetic_Bugs_SWC_101,State_access_after_external_call_SWC_107,Unchecked_return_value_from_external_call_SWC_104}",{},{},{}
SBCurated/0x23a91059fdc9579a9fbd0edc5f2ea0bfdb70deb4.sol,0x23a91059fdc9579a9fbd0edc5f2ea0bfdb70deb4.sol,mythril-0.23.15,solidity,2023/01/20,20241115_0431,1731724467.502151,254.37947583198547,1,"{Exception_State_SWC_110,External_Call_To_User_Supplied_Address_SWC_107,Integer_Arithmetic_Bugs_SWC_101,Multiple_Calls_in_a_Single_Transaction_SWC_113,State_access_after_external_call_SWC_107}",{},{},{}
SBCurated/0x2972d548497286d18e92b5fa1f8f9139e5653fd2.sol,0x2972d548497286d18e92b5fa1f8f9139e5653fd2.sol,mythril-0.23.15,solidity,2023/01/20,20241115_0431,1731656761.3520372,33.875159740448,1,"{Exception_State_SWC_110,External_Call_To_User_Supplied_Address_SWC_107,Integer_Arithmetic_Bugs_SWC_101,Multiple_Calls_in_a_Single_Transaction_SWC_113,Unchecked_return_value_from_external_call_SWC_104}",{},{},{}
SBCurated/0x39cfd754c85023648bf003bea2dd498c5612abfa.sol,0x39cfd754c85023648bf003bea2dd498c5612abfa.sol,mythril-0.23.15,solidity,2023/01/20,20241115_0431,1731683880.4392462,174.0886378288269,1,"{External_Call_To_User_Supplied_Address_SWC_107,Unchecked_return_value_from_external_call_SWC_104}",{},{},{}
SBCurated/0x3a0e9acd953ffc0dd18d63603488846a6b8b2b01.sol,0x3a0e9acd953ffc0dd18d63603488846a6b8b2b01.sol,mythril-0.23.15,solidity,2023/01/20,20241115_0431,1731691282.127917,190.15418195724487,1,"{External_Call_To_User_Supplied_Address_SWC_107,Unchecked_return_value_from_external_call_SWC_104}",{},{},{}
SBCurated/0x3e013fc32a54c4c5b6991ba539dcd0ec4355c859.sol,0x3e013fc32a54c4c5b6991ba539dcd0ec4355c859.sol,mythril-0.23.15,solidity,2023/01/20,20241115_0431,1731657262.303761,293.6364269256592,1,"{External_Call_To_User_Supplied_Address_SWC_107,Unchecked_return_value_from_external_call_SWC_104,Unprotected_Ether_Withdrawal_SWC_105}",{},{},{}
SBCurated/0x3f2ef511aa6e75231e4deafc7a3d2ecab3741de2.sol,0x3f2ef511aa6e75231e4deafc7a3d2ecab3741de2.sol,mythril-0.23.15,solidity,2023/01/20,20241115_0431,1731692483.7459998,256.49524116516113,1,"{External_Call_To_User_Supplied_Address_SWC_107,Multiple_Calls_in_a_Single_Transaction_SWC_113,Unchecked_return_value_from_external_call_SWC_104,Unprotected_Ether_Withdrawal_SWC_105}",{},{},{}
SBCurated/0x4051334adc52057aca763453820cb0e045076ef3.sol,0x4051334adc52057aca763453820cb0e045076ef3.sol,mythril-0.23.15,solidity,2023/01/20,20241115_0431,1731677997.851404,22.6282901763916,1,"{External_Call_To_User_Supplied_Address_SWC_107,Multiple_Calls_in_a_Single_Transaction_SWC_113,Unchecked_return_value_from_external_call_SWC_104}",{},{},{}
SBCurated/0x4320e6f8c05b27ab4707cd1f6d5ce6f3e4b3a5a1.sol,0x4320e6f8c05b27ab4707cd1f6d5ce6f3e4b3a5a1.sol,mythril-0.23.15,solidity,2023/01/20,20241115_0431,1731668815.960604,546.6014308929443,1,"{Exception_State_SWC_110,External_Call_To_User_Supplied_Address_SWC_107,Integer_Arithmetic_Bugs_SWC_101,Multiple_Calls_in_a_Single_Transaction_SWC_113,State_access_after_external_call_SWC_107}",{},{},{}
SBCurated/0x4a66ad0bca2d700f11e1f2fc2c106f7d3264504c.sol,0x4a66ad0bca2d700f11e1f2fc2c106f7d3264504c.sol,mythril-0.23.15,solidity,2023/01/20,20241115_0431,1731724461.439414,6.061717987060547,0,{},{},{},{}
SBCurated/0x4b71ad9c1a84b9b643aa54fdd66e2dec96e8b152.sol,0x4b71ad9c1a84b9b643aa54fdd66e2dec96e8b152.sol,mythril-0.23.15,solidity,2023/01/20,20241115_0431,1731693672.279247,20.767598867416382,1,"{External_Call_To_User_Supplied_Address_SWC_107,Multiple_Calls_in_a_Single_Transaction_SWC_113,Unchecked_return_value_from_external_call_SWC_104}",{},{},{}
SBCurated/0x4e73b32ed6c35f570686b89848e5f39f20ecc106.sol,0x4e73b32ed6c35f570686b89848e5f39f20ecc106.sol,mythril-0.23.15,solidity,2023/01/20,20241115_0431,1731684076.044096,663.2480771541595,1,"{Exception_State_SWC_110,External_Call_To_User_Supplied_Address_SWC_107,Integer_Arithmetic_Bugs_SWC_101,Multiple_Calls_in_a_Single_Transaction_SWC_113,State_access_after_external_call_SWC_107}",{},{},{}
SBCurated/0x524960d55174d912768678d8c606b4d50b79d7b1.sol,0x524960d55174d912768678d8c606b4d50b79d7b1.sol,mythril-0.23.15,solidity,2023/01/20,20241115_0431,1731657822.281522,10.491585969924927,1,"{Multiple_Calls_in_a_Single_Transaction_SWC_113,Unchecked_return_value_from_external_call_SWC_104}",{},{},{}
SBCurated/0x52d2e0f9b01101a59b38a3d05c80b7618aeed984.sol,0x52d2e0f9b01101a59b38a3d05c80b7618aeed984.sol,mythril-0.23.15,solidity,2023/01/20,20241115_0431,1731707195.128693,24.043134927749634,1,"{External_Call_To_User_Supplied_Address_SWC_107,Multiple_Calls_in_a_Single_Transaction_SWC_113,Unchecked_return_value_from_external_call_SWC_104}",{},{},{}
SBCurated/0x561eac93c92360949ab1f1403323e6db345cbf31.sol,0x561eac93c92360949ab1f1403323e6db345cbf31.sol,mythril-0.23.15,solidity,2023/01/20,20241115_0431,1731691674.523011,675.5060701370239,1,"{Exception_State_SWC_110,External_Call_To_User_Supplied_Address_SWC_107,Integer_Arithmetic_Bugs_SWC_101,Multiple_Calls_in_a_Single_Transaction_SWC_113,State_access_after_external_call_SWC_107}",{},{},{}
SBCurated/0x5aa88d2901c68fda244f1d0584400368d2c8e739.sol,0x5aa88d2901c68fda244f1d0584400368d2c8e739.sol,mythril-0.23.15,solidity,2023/01/20,20241115_0431,1731677159.94461,297.1027638912201,1,"{External_Call_To_User_Supplied_Address_SWC_107,Unchecked_return_value_from_external_call_SWC_104,Unprotected_Ether_Withdrawal_SWC_105}",{},{},{}
SBCurated/0x610495793564aed0f9c7fc48dc4c7c9151d34fd6.sol,0x610495793564aed0f9c7fc48dc4c7c9151d34fd6.sol,mythril-0.23.15,solidity,2023/01/20,20241115_0431,1731691472.283604,132.4624571800232,1,"{External_Call_To_User_Supplied_Address_SWC_107,Unchecked_return_value_from_external_call_SWC_104}",{},{},{}
SBCurated/0x627fa62ccbb1c1b04ffaecd72a53e37fc0e17839.sol,0x627fa62ccbb1c1b04ffaecd72a53e37fc0e17839.sol,mythril-0.23.15,solidity,2023/01/20,20241115_0431,1731668325.735573,215.77602982521057,1,"{External_Call_To_User_Supplied_Address_SWC_107,Integer_Arithmetic_Bugs_SWC_101,State_access_after_external_call_SWC_107,Unchecked_return_value_from_external_call_SWC_104}",{},{},{}
SBCurated/0x663e4229142a27f00bafb5d087e1e730648314c3.sol,0x663e4229142a27f00bafb5d087e1e730648314c3.sol,mythril-0.23.15,solidity,2023/01/20,20241115_0431,1731661015.674787,7210.298012018204,,{},{},{},{DOCKER_TIMEOUT}
SBCurated/0x70f9eddb3931491aab1aeafbc1e7f1ca2a012db4.sol,0x70f9eddb3931491aab1aeafbc1e7f1ca2a012db4.sol,mythril-0.23.15,solidity,2023/01/20,20241115_0431,1731658428.592823,262.0150249004364,1,"{External_Call_To_User_Supplied_Address_SWC_107,Multiple_Calls_in_a_Single_Transaction_SWC_113,Unchecked_return_value_from_external_call_SWC_104,Unprotected_Ether_Withdrawal_SWC_105}",{},{},{}
SBCurated/0x7541b76cb60f4c60af330c208b0623b7f54bf615.sol,0x7541b76cb60f4c60af330c208b0623b7f54bf615.sol,mythril-0.23.15,solidity,2023/01/20,20241115_0431,1731657832.774316,570.6170387268066,1,"{Dependence_on_predictable_environment_variable_SWC_116,Exception_State_SWC_110,External_Call_To_User_Supplied_Address_SWC_107,Integer_Arithmetic_Bugs_SWC_101,Multiple_Calls_in_a_Single_Transaction_SWC_113,State_access_after_external_call_SWC_107}",{},{},{}
SBCurated/0x78c2a1e91b52bca4130b6ed9edd9fbcfd4671c37.sol,0x78c2a1e91b52bca4130b6ed9edd9fbcfd4671c37.sol,mythril-0.23.15,solidity,2023/01/20,20241115_0431,1731657555.941275,266.3391032218933,1,"{External_Call_To_User_Supplied_Address_SWC_107,Multiple_Calls_in_a_Single_Transaction_SWC_113,Unchecked_return_value_from_external_call_SWC_104,Unprotected_Ether_Withdrawal_SWC_105}",{},{},{}
SBCurated/0x7a4349a749e59a5736efb7826ee3496a2dfd5489.sol,0x7a4349a749e59a5736efb7826ee3496a2dfd5489.sol,mythril-0.23.15,solidity,2023/01/20,20241115_0431,1731693410.701353,254.53928899765015,1,"{External_Call_To_User_Supplied_Address_SWC_107,Multiple_Calls_in_a_Single_Transaction_SWC_113,Unchecked_return_value_from_external_call_SWC_104,Unprotected_Ether_Withdrawal_SWC_105}",{},{},{}
SBCurated/0x7a8721a9d64c74da899424c1b52acbf58ddc9782.sol,0x7a8721a9d64c74da899424c1b52acbf58ddc9782.sol,mythril-0.23.15,solidity,2023/01/20,20241115_0431,1731676069.634739,362.65608406066895,1,"{Dependence_on_tx_origin_SWC_115,Exception_State_SWC_110,External_Call_To_User_Supplied_Address_SWC_107,Integer_Arithmetic_Bugs_SWC_101,Multiple_Calls_in_a_Single_Transaction_SWC_113,State_access_after_external_call_SWC_107}",{},{},{}
SBCurated/0x7b368c4e805c3870b6c49a3f1f49f69af8662cf3.sol,0x7b368c4e805c3870b6c49a3f1f49f69af8662cf3.sol,mythril-0.23.15,solidity,2023/01/20,20241115_0431,1731724721.884352,573.6699111461639,1,"{Dependence_on_predictable_environment_variable_SWC_116,Exception_State_SWC_110,External_Call_To_User_Supplied_Address_SWC_107,Integer_Arithmetic_Bugs_SWC_101,Multiple_Calls_in_a_Single_Transaction_SWC_113,State_access_after_external_call_SWC_107}",{},{},{}
SBCurated/0x7d09edb07d23acb532a82be3da5c17d9d85806b4.sol,0x7d09edb07d23acb532a82be3da5c17d9d85806b4.sol,mythril-0.23.15,solidity,2023/01/20,20241115_0431,1731725457.3649971,64.68565583229065,1,"{Dependence_on_tx_origin_SWC_115,External_Call_To_User_Supplied_Address_SWC_107,State_access_after_external_call_SWC_107,Unchecked_return_value_from_external_call_SWC_104}",{},{},{}
SBCurated/0x806a6bd219f162442d992bdc4ee6eba1f2c5a707.sol,0x806a6bd219f162442d992bdc4ee6eba1f2c5a707.sol,mythril-0.23.15,solidity,2023/01/20,20241115_0431,1731668541.513289,274.44618010520935,1,"{External_Call_To_User_Supplied_Address_SWC_107,Multiple_Calls_in_a_Single_Transaction_SWC_113,Unchecked_return_value_from_external_call_SWC_104,Unprotected_Ether_Withdrawal_SWC_105}",{},{},{}
SBCurated/0x84d9ec85c9c568eb332b7226a8f826d897e0a4a8.sol,0x84d9ec85c9c568eb332b7226a8f826d897e0a4a8.sol,mythril-0.23.15,solidity,2023/01/20,20241115_0431,1731714448.589525,6263.3284740448,1,"{Exception_State_SWC_110,External_Call_To_User_Supplied_Address_SWC_107,Integer_Arithmetic_Bugs_SWC_101,Unchecked_return_value_from_external_call_SWC_104}",{},{},{}
SBCurated/0x89c1b3807d4c67df034fffb62f3509561218d30b.sol,0x89c1b3807d4c67df034fffb62f3509561218d30b.sol,mythril-0.23.15,solidity,2023/01/20,20241115_0431,1731669384.019638,478.30235385894775,1,"{Exception_State_SWC_110,External_Call_To_User_Supplied_Address_SWC_107,Integer_Arithmetic_Bugs_SWC_101,State_access_after_external_call_SWC_107}",{},{},{}
SBCurated/0x8c7777c45481dba411450c228cb692ac3d550344.sol,0x8c7777c45481dba411450c228cb692ac3d550344.sol,mythril-0.23.15,solidity,2023/01/20,20241115_0431,1731725522.051743,406.3651030063629,1,"{Exception_State_SWC_110,External_Call_To_User_Supplied_Address_SWC_107,Integer_Arithmetic_Bugs_SWC_101,Multiple_Calls_in_a_Single_Transaction_SWC_113,State_access_after_external_call_SWC_107}",{},{},{}
SBCurated/0x8fd1e427396ddb511533cf9abdbebd0a7e08da35.sol,0x8fd1e427396ddb511533cf9abdbebd0a7e08da35.sol,mythril-0.23.15,solidity,2023/01/20,20241115_0431,1731656804.89433,180.89009809494019,1,"{External_Call_To_User_Supplied_Address_SWC_107,Unchecked_return_value_from_external_call_SWC_104}",{},{},{}
SBCurated/0x93c32845fae42c83a70e5f06214c8433665c2ab5.sol,0x93c32845fae42c83a70e5f06214c8433665c2ab5.sol,mythril-0.23.15,solidity,2023/01/20,20241115_0431,1731684823.59139,573.484766960144,1,"{Dependence_on_predictable_environment_variable_SWC_116,Exception_State_SWC_110,External_Call_To_User_Supplied_Address_SWC_107,Integer_Arithmetic_Bugs_SWC_101,Multiple_Calls_in_a_Single_Transaction_SWC_113,State_access_after_external_call_SWC_107}",{},{},{}
SBCurated/0x941d225236464a25eb18076df7da6a91d0f95e9e.sol,0x941d225236464a25eb18076df7da6a91d0f95e9e.sol,mythril-0.23.15,solidity,2023/01/20,20241115_0431,1731701164.101202,440.4835419654846,1,"{Dependence_on_predictable_environment_variable_SWC_120,Exception_State_SWC_110,External_Call_To_User_Supplied_Address_SWC_107,Integer_Arithmetic_Bugs_SWC_101,Multiple_Calls_in_a_Single_Transaction_SWC_113,State_access_after_external_call_SWC_107}",{},{},{}
SBCurated/0x958a8f594101d2c0485a52319f29b2647f2ebc06.sol,0x958a8f594101d2c0485a52319f29b2647f2ebc06.sol,mythril-0.23.15,solidity,2023/01/20,20241115_0431,1731669862.323926,6156.905539035797,1,"{Exception_State_SWC_110,External_Call_To_User_Supplied_Address_SWC_107,Integer_Arithmetic_Bugs_SWC_101,Unchecked_return_value_from_external_call_SWC_104}",{},{},{}
SBCurated/0x96edbe868531bd23a6c05e9d0c424ea64fb1b78b.sol,0x96edbe868531bd23a6c05e9d0c424ea64fb1b78b.sol,mythril-0.23.15,solidity,2023/01/20,20241115_0431,1731721197.4812999,1706.3386750221252,1,"{Dependence_on_predictable_environment_variable_SWC_116,Exception_State_SWC_110,External_Call_To_User_Supplied_Address_SWC_107,Integer_Arithmetic_Bugs_SWC_101,Multiple_Calls_in_a_Single_Transaction_SWC_113,State_access_after_external_call_SWC_107}",{},{},{}
SBCurated/0x9d06cbafa865037a01d322d3f4222fa3e04e5488.sol,0x9d06cbafa865037a01d322d3f4222fa3e04e5488.sol,mythril-0.23.15,solidity,2023/01/20,20241115_0431,1731659930.685825,744.9503617286682,1,"{Multiple_Calls_in_a_Single_Transaction_SWC_113,State_access_after_external_call_SWC_107,Unchecked_return_value_from_external_call_SWC_104}",{},{},{}
SBCurated/0xa1fceeff3acc57d257b917e30c4df661401d6431.sol,0xa1fceeff3acc57d257b917e30c4df661401d6431.sol,mythril-0.23.15,solidity,2023/01/20,20241115_0431,1731721159.888452,37.591655015945435,1,"{External_Call_To_User_Supplied_Address_SWC_107,Multiple_Calls_in_a_Single_Transaction_SWC_113,Unchecked_return_value_from_external_call_SWC_104}",{},{},{}
SBCurated/0xa46edd6a9a93feec36576ee5048146870ea2c3ae.sol,0xa46edd6a9a93feec36576ee5048146870ea2c3ae.sol,mythril-0.23.15,solidity,2023/01/20,20241115_0431,1731648102.541086,31.951595067977905,1,"{Exception_State_SWC_110,External_Call_To_User_Supplied_Address_SWC_107,Integer_Arithmetic_Bugs_SWC_101,Multiple_Calls_in_a_Single_Transaction_SWC_113,Unchecked_return_value_from_external_call_SWC_104}",{},{},{}
SBCurated/0xaae1f51cf3339f18b6d3f3bdc75a5facd744b0b8.sol,0xaae1f51cf3339f18b6d3f3bdc75a5facd744b0b8.sol,mythril-0.23.15,solidity,2023/01/20,20241115_0431,1731659010.688919,667.9583878517151,1,"{Exception_State_SWC_110,External_Call_To_User_Supplied_Address_SWC_107,Integer_Arithmetic_Bugs_SWC_101,Multiple_Calls_in_a_Single_Transaction_SWC_113,State_access_after_external_call_SWC_107}",{},{},{}
SBCurated/0xb0510d68f210b7db66e8c7c814f22680f2b8d1d6.sol,0xb0510d68f210b7db66e8c7c814f22680f2b8d1d6.sol,mythril-0.23.15,solidity,2023/01/20,20241115_0431,1731700390.0365922,761.9961175918579,1,"{Exception_State_SWC_110,External_Call_To_User_Supplied_Address_SWC_107,Multiple_Calls_in_a_Single_Transaction_SWC_113,State_access_after_external_call_SWC_107,Unchecked_return_value_from_external_call_SWC_104}",{},{},{}
SBCurated/0xb11b2fed6c9354f7aa2f658d3b4d7b31d8a13b77.sol,0xb11b2fed6c9354f7aa2f658d3b4d7b31d8a13b77.sol,mythril-0.23.15,solidity,2023/01/20,20241115_0431,1731722903.8227682,1544.5918538570404,1,"{Dependence_on_tx_origin_SWC_115,External_Call_To_User_Supplied_Address_SWC_107,Unchecked_return_value_from_external_call_SWC_104,Unprotected_Ether_Withdrawal_SWC_105}",{},{},{}
SBCurated/0xb37f18af15bafb869a065b61fc83cfc44ed9cc27.sol,0xb37f18af15bafb869a065b61fc83cfc44ed9cc27.sol,mythril-0.23.15,solidity,2023/01/20,20241115_0431,1731693381.973372,28.726875066757202,1,"{External_Call_To_User_Supplied_Address_SWC_107,Unchecked_return_value_from_external_call_SWC_104}",{},{},{}
SBCurated/0xb5e1b1ee15c6fa0e48fce100125569d430f1bd12.sol,0xb5e1b1ee15c6fa0e48fce100125569d430f1bd12.sol,mythril-0.23.15,solidity,2023/01/20,20241115_0431,1731720746.1611772,413.72610783576965,1,"{Exception_State_SWC_110,External_Call_To_User_Supplied_Address_SWC_107,Integer_Arithmetic_Bugs_SWC_101,Multiple_Calls_in_a_Single_Transaction_SWC_113,State_access_after_external_call_SWC_107}",{},{},{}
SBCurated/0xb620cee6b52f96f3c6b253e6eea556aa2d214a99.sol,0xb620cee6b52f96f3c6b253e6eea556aa2d214a99.sol,mythril-0.23.15,solidity,2023/01/20,20241115_0431,1731692365.2513611,109.36139678955078,1,"{Exception_State_SWC_110,External_Call_To_User_Supplied_Address_SWC_107,Unchecked_return_value_from_external_call_SWC_104}",{},{},{}
SBCurated/0xb7c5c5aa4d42967efe906e1b66cb8df9cebf04f7.sol,0xb7c5c5aa4d42967efe906e1b66cb8df9cebf04f7.sol,mythril-0.23.15,solidity,2023/01/20,20241115_0431,1731692740.2423549,24.809415340423584,1,"{External_Call_To_User_Supplied_Address_SWC_107,State_access_after_external_call_SWC_107,Unchecked_return_value_from_external_call_SWC_104}",{},{},{}
SBCurated/0xb93430ce38ac4a6bb47fb1fc085ea669353fd89e.sol,0xb93430ce38ac4a6bb47fb1fc085ea669353fd89e.sol,mythril-0.23.15,solidity,2023/01/20,20241115_0431,1731693728.421389,254.8238878250122,1,"{Exception_State_SWC_110,External_Call_To_User_Supplied_Address_SWC_107,Integer_Arithmetic_Bugs_SWC_101,Multiple_Calls_in_a_Single_Transaction_SWC_113,State_access_after_external_call_SWC_107}",{},{},{}
SBCurated/0xbaa3de6504690efb064420d89e871c27065cdd52.sol,0xbaa3de6504690efb064420d89e871c27065cdd52.sol,mythril-0.23.15,solidity,2023/01/20,20241115_0431,1731648570.570793,1251.0760161876678,1,"{Dependence_on_tx_origin_SWC_115,External_Call_To_User_Supplied_Address_SWC_107,Unchecked_return_value_from_external_call_SWC_104,Unprotected_Ether_Withdrawal_SWC_105}",{},{},{}
SBCurated/0xbaf51e761510c1a11bf48dd87c0307ac8a8c8a4f.sol,0xbaf51e761510c1a11bf48dd87c0307ac8a8c8a4f.sol,mythril-0.23.15,solidity,2023/01/20,20241115_0431,1731656352.848784,408.50202107429504,1,"{Exception_State_SWC_110,External_Call_To_User_Supplied_Address_SWC_107,Integer_Arithmetic_Bugs_SWC_101,Multiple_Calls_in_a_Single_Transaction_SWC_113,State_access_after_external_call_SWC_107}",{},{},{}
SBCurated/0xbe4041d55db380c5ae9d4a9b9703f1ed4e7e3888.sol,0xbe4041d55db380c5ae9d4a9b9703f1ed4e7e3888.sol,mythril-0.23.15,solidity,2023/01/20,20241115_0431,1731645106.733582,1713.6183309555054,1,"{Dependence_on_predictable_environment_variable_SWC_116,Exception_State_SWC_110,External_Call_To_User_Supplied_Address_SWC_107,Integer_Arithmetic_Bugs_SWC_101,Multiple_Calls_in_a_Single_Transaction_SWC_113,State_access_after_external_call_SWC_107}",{},{},{}
SBCurated/0xbebbfe5b549f5db6e6c78ca97cac19d1fb03082c.sol,0xbebbfe5b549f5db6e6c78ca97cac19d1fb03082c.sol,mythril-0.23.15,solidity,2023/01/20,20241115_0431,1731646848.168166,1254.371435880661,1,"{Dependence_on_tx_origin_SWC_115,External_Call_To_User_Supplied_Address_SWC_107,Unchecked_return_value_from_external_call_SWC_104,Unprotected_Ether_Withdrawal_SWC_105}",{},{},{}
SBCurated/0xcead721ef5b11f1a7b530171aab69b16c5e66b6e.sol,0xcead721ef5b11f1a7b530171aab69b16c5e66b6e.sol,mythril-0.23.15,solidity,2023/01/20,20241115_0431,1731692793.773775,563.3106141090393,1,"{Dependence_on_predictable_environment_variable_SWC_116,Exception_State_SWC_110,External_Call_To_User_Supplied_Address_SWC_107,Integer_Arithmetic_Bugs_SWC_101,Multiple_Calls_in_a_Single_Transaction_SWC_113,State_access_after_external_call_SWC_107}",{},{},{}
SBCurated/0xd2018bfaa266a9ec0a1a84b061640faa009def76.sol,0xd2018bfaa266a9ec0a1a84b061640faa009def76.sol,mythril-0.23.15,solidity,2023/01/20,20241115_0431,1731657014.569602,247.73291397094727,1,"{External_Call_To_User_Supplied_Address_SWC_107,Multiple_Calls_in_a_Single_Transaction_SWC_113,Unchecked_return_value_from_external_call_SWC_104,Unprotected_Ether_Withdrawal_SWC_105}",{},{},{}
SBCurated/0xd5967fed03e85d1cce44cab284695b41bc675b5c.sol,0xd5967fed03e85d1cce44cab284695b41bc675b5c.sol,mythril-0.23.15,solidity,2023/01/20,20241115_0431,1731676594.3061,23.080665111541748,1,"{External_Call_To_User_Supplied_Address_SWC_107,Multiple_Calls_in_a_Single_Transaction_SWC_113,Unchecked_return_value_from_external_call_SWC_104}",{},{},{}
SBCurated/0xdb1c55f6926e7d847ddf8678905ad871a68199d2.sol,0xdb1c55f6926e7d847ddf8678905ad871a68199d2.sol,mythril-0.23.15,solidity,2023/01/20,20241115_0431,1731659678.648486,252.03618097305298,1,"{External_Call_To_User_Supplied_Address_SWC_107,Multiple_Calls_in_a_Single_Transaction_SWC_113,Unchecked_return_value_from_external_call_SWC_104,Unprotected_Ether_Withdrawal_SWC_105}",{},{},{}
SBCurated/0xe09b1ab8111c2729a76f16de96bc86a7af837928.sol,0xe09b1ab8111c2729a76f16de96bc86a7af837928.sol,mythril-0.23.15,solidity,2023/01/20,20241115_0431,1731694545.034272,5787.802426099777,1,"{Dependence_on_predictable_environment_variable_SWC_120,External_Call_To_User_Supplied_Address_SWC_107}",{},{},{}
SBCurated/0xe4eabdca81e31d9acbc4af76b30f532b6ed7f3bf.sol,0xe4eabdca81e31d9acbc4af76b30f532b6ed7f3bf.sol,mythril-0.23.15,solidity,2023/01/20,20241115_0431,1731676617.388074,261.39376306533813,1,"{External_Call_To_User_Supplied_Address_SWC_107,Multiple_Calls_in_a_Single_Transaction_SWC_113,Unchecked_return_value_from_external_call_SWC_104,Unprotected_Ether_Withdrawal_SWC_105}",{},{},{}
SBCurated/0xe82f0742a71a02b9e9ffc142fdcb6eb1ed06fb87.sol,0xe82f0742a71a02b9e9ffc142fdcb6eb1ed06fb87.sol,mythril-0.23.15,solidity,2023/01/20,20241115_0431,1731676878.783394,249.09844398498535,1,"{External_Call_To_User_Supplied_Address_SWC_107,Multiple_Calls_in_a_Single_Transaction_SWC_113,Unchecked_return_value_from_external_call_SWC_104,Unprotected_Ether_Withdrawal_SWC_105}",{},{},{}
SBCurated/0xe894d54dca59cb53fe9cbc5155093605c7068220.sol,0xe894d54dca59cb53fe9cbc5155093605c7068220.sol,mythril-0.23.15,solidity,2023/01/20,20241115_0431,1731684795.7123551,27.877864837646484,1,"{External_Call_To_User_Supplied_Address_SWC_107,Multiple_Calls_in_a_Single_Transaction_SWC_113,Unchecked_return_value_from_external_call_SWC_104}",{},{},{}
SBCurated/0xec329ffc97d75fe03428ae155fc7793431487f63.sol,0xec329ffc97d75fe03428ae155fc7793431487f63.sol,mythril-0.23.15,solidity,2023/01/20,20241115_0431,1731648134.493778,426.68636298179626,1,"{Exception_State_SWC_110,External_Call_To_User_Supplied_Address_SWC_107,Integer_Arithmetic_Bugs_SWC_101,Multiple_Calls_in_a_Single_Transaction_SWC_113,State_access_after_external_call_SWC_107,Unchecked_return_value_from_external_call_SWC_104}",{},{},{}
SBCurated/0xf015c35649c82f5467c9c74b7f28ee67665aad68.sol,0xf015c35649c82f5467c9c74b7f28ee67665aad68.sol,mythril-0.23.15,solidity,2023/01/20,20241115_0431,1731693983.246523,561.7850012779236,1,"{Dependence_on_predictable_environment_variable_SWC_116,Exception_State_SWC_110,External_Call_To_User_Supplied_Address_SWC_107,Integer_Arithmetic_Bugs_SWC_101,Multiple_Calls_in_a_Single_Transaction_SWC_113,State_access_after_external_call_SWC_107}",{},{},{}
SBCurated/0xf2570186500a46986f3139f65afedc2afe4f445d.sol,0xf2570186500a46986f3139f65afedc2afe4f445d.sol,mythril-0.23.15,solidity,2023/01/20,20241115_0431,1731668268.687883,12.382648229598999,1,"{Multiple_Calls_in_a_Single_Transaction_SWC_113,State_access_after_external_call_SWC_107,Unchecked_return_value_from_external_call_SWC_104}",{},{},{}
SBCurated/0xf29ebe930a539a60279ace72c707cba851a57707.sol,0xf29ebe930a539a60279ace72c707cba851a57707.sol,mythril-0.23.15,solidity,2023/01/20,20241115_0431,1731676432.2927139,95.99370408058167,1,"{Multiple_Calls_in_a_Single_Transaction_SWC_113,State_access_after_external_call_SWC_107,Unchecked_return_value_from_external_call_SWC_104}",{},{},{}
SBCurated/0xf70d589d76eebdd7c12cc5eec99f8f6fa4233b9e.sol,0xf70d589d76eebdd7c12cc5eec99f8f6fa4233b9e.sol,mythril-0.23.15,solidity,2023/01/20,20241115_0431,1731658690.608948,253.6806058883667,1,"{External_Call_To_User_Supplied_Address_SWC_107,Multiple_Calls_in_a_Single_Transaction_SWC_113,Unchecked_return_value_from_external_call_SWC_104,Unprotected_Ether_Withdrawal_SWC_105}",{},{},{}
SBCurated/BECToken.sol,BECToken.sol,mythril-0.23.15,solidity,2023/01/20,20241115_0431,1731704009.454808,3090.782175064087,0,{},{},{},{}
SBCurated/ERC20.sol,ERC20.sol,mythril-0.23.15,solidity,2023/01/20,20241115_0431,1731660675.637297,124.28072905540466,0,{},{},{},{}
SBCurated/FibonacciBalance.sol,FibonacciBalance.sol,mythril-0.23.15,solidity,2023/01/20,20241115_0431,1731677127.883693,32.05985689163208,1,"{Delegatecall_to_user_supplied_address_SWC_112,Integer_Arithmetic_Bugs_SWC_101,Multiple_Calls_in_a_Single_Transaction_SWC_113,State_access_after_external_call_SWC_107}",{},{},{}
SBCurated/FindThisHash.sol,FindThisHash.sol,mythril-0.23.15,solidity,2023/01/20,20241115_0431,1731668225.974546,13.764415979385376,0,{},{},{},{}
SBCurated/arbitrary_location_write_simple.sol,arbitrary_location_write_simple.sol,mythril-0.23.15,solidity,2023/01/20,20241115_0431,1731658994.102444,16.585342168807983,1,"{Integer_Arithmetic_Bugs_SWC_101,Write_to_an_arbitrary_storage_location_SWC_124}",{},{},{}
SBCurated/auction.sol,auction.sol,mythril-0.23.15,solidity,2023/01/20,20241115_0431,1731656985.7856221,18.001305103302002,0,{},{},{},{}
SBCurated/blackjack.sol,blackjack.sol,mythril-0.23.15,solidity,2023/01/20,20241115_0431,1731656295.767359,57.080366134643555,0,{},{},{},{}
SBCurated/crypto_roulette.sol,crypto_roulette.sol,mythril-0.23.15,solidity,2023/01/20,20241115_0431,1731684054.5289469,21.514039039611816,1,"{Dependence_on_predictable_environment_variable_SWC_116,Exception_State_SWC_110,Integer_Arithmetic_Bugs_SWC_101}",{},{},{}
SBCurated/dos_address.sol,dos_address.sol,mythril-0.23.15,solidity,2023/01/20,20241115_0431,1731707100.2385018,7.522776126861572,0,{},{},{},{}
SBCurated/dos_number.sol,dos_number.sol,mythril-0.23.15,solidity,2023/01/20,20241115_0431,1731669370.084956,13.933526039123535,0,{},{},{},{}
SBCurated/dos_simple.sol,dos_simple.sol,mythril-0.23.15,solidity,2023/01/20,20241115_0431,1731656795.2283719,9.664933204650879,0,{},{},{},{}
SBCurated/eth_tx_order_dependence_minimal.sol,eth_tx_order_dependence_minimal.sol,mythril-0.23.15,solidity,2023/01/20,20241115_0431,1731684757.802343,20.15648627281189,1,{Unprotected_Ether_Withdrawal_SWC_105},{},{},{}
SBCurated/ether_lotto.sol,ether_lotto.sol,mythril-0.23.15,solidity,2023/01/20,20241115_0431,1731657003.7879639,10.78047513961792,1,"{Dependence_on_predictable_environment_variable_SWC_116,Exception_State_SWC_110,Multiple_Calls_in_a_Single_Transaction_SWC_113}",{},{},{}
SBCurated/etheraffle.sol,etheraffle.sol,mythril-0.23.15,solidity,2023/01/20,20241115_0431,1731655765.510203,475.3234531879425,0,{},{},{},{}
SBCurated/etherbank.sol,etherbank.sol,mythril-0.23.15,solidity,2023/01/20,20241115_0431,1731693716.853524,11.566734075546265,1,"{External_Call_To_User_Supplied_Address_SWC_107,State_access_after_external_call_SWC_107}",{},{},{}
SBCurated/etherpot_lotto.sol,etherpot_lotto.sol,mythril-0.23.15,solidity,2023/01/20,20241115_0431,1731725413.174161,17.879010915756226,1,"{Dependence_on_predictable_environment_variable_SWC_120,Exception_State_SWC_110,Integer_Arithmetic_Bugs_SWC_101}",{},{},{}
SBCurated/etherstore.sol,etherstore.sol,mythril-0.23.15,solidity,2023/01/20,20241115_0431,1731720711.922158,34.23699688911438,1,"{Dependence_on_predictable_environment_variable_SWC_116,External_Call_To_User_Supplied_Address_SWC_107,Integer_Arithmetic_Bugs_SWC_101,State_access_after_external_call_SWC_107}",{},{},{}
SBCurated/governmental_survey.sol,governmental_survey.sol,mythril-0.23.15,solidity,2023/01/20,20241115_0431,1731660906.926856,108.74678993225098,1,{External_Call_To_User_Supplied_Address_SWC_107},{},{},{}
SBCurated/guess_the_random_number.sol,guess_the_random_number.sol,mythril-0.23.15,solidity,2023/01/20,20241115_0431,1731725295.5560288,6.891327142715454,1,{Unprotected_Ether_Withdrawal_SWC_105},{},{},{}
SBCurated/incorrect_constructor_name1.sol,incorrect_constructor_name1.sol,mythril-0.23.15,solidity,2023/01/20,20241115_0431,1731648561.181324,9.388361930847168,0,{},{},{},{}
SBCurated/incorrect_constructor_name2.sol,incorrect_constructor_name2.sol,mythril-0.23.15,solidity,2023/01/20,20241115_0431,1731724448.4158552,5.369794845581055,0,{},{},{},{}
SBCurated/incorrect_constructor_name3.sol,incorrect_constructor_name3.sol,mythril-0.23.15,solidity,2023/01/20,20241115_0431,1731646834.2250528,8.041337251663208,0,{},{},{},{}
SBCurated/insecure_transfer.sol,insecure_transfer.sol,mythril-0.23.15,solidity,2023/01/20,20241115_0431,1731700379.181675,10.853387117385864,0,{},{},{},{}
SBCurated/integer_overflow_1.sol,integer_overflow_1.sol,mythril-0.23.15,solidity,2023/01/20,20241115_0431,1731692350.030942,15.219372987747192,1,{Integer_Arithmetic_Bugs_SWC_101},{},{},{}
SBCurated/integer_overflow_add.sol,integer_overflow_add.sol,mythril-0.23.15,solidity,2023/01/20,20241115_0431,1731669362.56405,7.51967191696167,1,{Integer_Arithmetic_Bugs_SWC_101},{},{},{}
SBCurated/integer_overflow_benign_1.sol,integer_overflow_benign_1.sol,mythril-0.23.15,solidity,2023/01/20,20241115_0431,1731692765.052932,7.7373809814453125,0,{},{},{},{}
SBCurated/integer_overflow_mapping_sym_1.sol,integer_overflow_mapping_sym_1.sol,mythril-0.23.15,solidity,2023/01/20,20241115_0431,1731684777.9600708,17.751249313354492,1,{Integer_Arithmetic_Bugs_SWC_101},{},{},{}
SBCurated/integer_overflow_minimal.sol,integer_overflow_minimal.sol,mythril-0.23.15,solidity,2023/01/20,20241115_0431,1731700362.637451,7.524706125259399,1,{Integer_Arithmetic_Bugs_SWC_101},{},{},{}
SBCurated/integer_overflow_mul.sol,integer_overflow_mul.sol,mythril-0.23.15,solidity,2023/01/20,20241115_0431,1731668306.916515,18.81793475151062,1,{Integer_Arithmetic_Bugs_SWC_101},{},{},{}
SBCurated/integer_overflow_multitx_multifunc_feasible.sol,integer_overflow_multitx_multifunc_feasible.sol,mythril-0.23.15,solidity,2023/01/20,20241115_0431,1731656240.835273,9.55051589012146,1,{Integer_Arithmetic_Bugs_SWC_101},{},{},{}
SBCurated/integer_overflow_multitx_onefunc_feasible.sol,integer_overflow_multitx_onefunc_feasible.sol,mythril-0.23.15,solidity,2023/01/20,20241115_0431,1731700370.163987,9.016592264175415,1,{Integer_Arithmetic_Bugs_SWC_101},{},{},{}
SBCurated/king_of_the_ether_throne.sol,king_of_the_ether_throne.sol,mythril-0.23.15,solidity,2023/01/20,20241115_0431,1731656250.386496,45.37963795661926,1,"{Exception_State_SWC_110,Unchecked_return_value_from_external_call_SWC_104}",{},{},{}
SBCurated/list_dos.sol,list_dos.sol,mythril-0.23.15,solidity,2023/01/20,20241115_0431,1731676019.23272,50.40025806427002,1,"{Dependence_on_predictable_environment_variable_SWC_116,Exception_State_SWC_110,Integer_Arithmetic_Bugs_SWC_101,Unchecked_return_value_from_external_call_SWC_104}",{},{},{}
SBCurated/lottery.sol,lottery.sol,mythril-0.23.15,solidity,2023/01/20,20241115_0431,1731724453.7866828,7.651680946350098,1,{Dependence_on_predictable_environment_variable_SWC_120},{},{},{}
SBCurated/lotto.sol,lotto.sol,mythril-0.23.15,solidity,2023/01/20,20241115_0431,1731692474.61391,9.130985975265503,1,{Unchecked_return_value_from_external_call_SWC_104},{},{},{}
SBCurated/lottopollo.sol,lottopollo.sol,mythril-0.23.15,solidity,2023/01/20,20241115_0431,1731704001.459928,7.993572950363159,1,{Dependence_on_predictable_environment_variable_SWC_116},{},{},{}
SBCurated/lucky_doubler.sol,lucky_doubler.sol,mythril-0.23.15,solidity,2023/01/20,20241115_0431,1731676541.473717,52.830820083618164,1,{Unchecked_return_value_from_external_call_SWC_104},{},{},{}
SBCurated/mapping_write.sol,mapping_write.sol,mythril-0.23.15,solidity,2023/01/20,20241115_0431,1731701152.035486,12.064600944519043,1,"{Exception_State_SWC_110,Write_to_an_arbitrary_storage_location_SWC_124}",{},{},{}
SBCurated/mishandled.sol,mishandled.sol,mythril-0.23.15,solidity,2023/01/20,20241115_0431,1731677967.366861,15.168568849563599,1,{Unchecked_return_value_from_external_call_SWC_104},{},{},{}
SBCurated/modifier_reentrancy.sol,modifier_reentrancy.sol,mythril-0.23.15,solidity,2023/01/20,20241115_0431,1731658971.4932008,22.60817003250122,1,"{External_Call_To_User_Supplied_Address_SWC_107,State_access_after_external_call_SWC_107}",{},{},{}
SBCurated/multiowned_vulnerable.sol,multiowned_vulnerable.sol,mythril-0.23.15,solidity,2023/01/20,20241115_0431,1731660821.2803142,85.645263671875,1,{Unprotected_Ether_Withdrawal_SWC_105},{},{},{}
SBCurated/mycontract.sol,mycontract.sol,mythril-0.23.15,solidity,2023/01/20,20241115_0431,1731684739.2950559,18.506174325942993,1,{Dependence_on_tx_origin_SWC_115},{},{},{}
SBCurated/name_registrar.sol,name_registrar.sol,mythril-0.23.15,solidity,2023/01/20,20241115_0431,1731668239.7400079,28.94649910926819,0,{},{},{},{}
SBCurated/odds_and_evens.sol,odds_and_evens.sol,mythril-0.23.15,solidity,2023/01/20,20241115_0431,1731725437.583654,11.66572904586792,1,"{Exception_State_SWC_110,Integer_Arithmetic_Bugs_SWC_101,Unchecked_return_value_from_external_call_SWC_104,Unprotected_Ether_Withdrawal_SWC_105}",{},{},{}
SBCurated/old_blockhash.sol,old_blockhash.sol,mythril-0.23.15,solidity,2023/01/20,20241115_0431,1731658944.290621,14.852497100830078,1,"{Dependence_on_predictable_environment_variable_SWC_120,Integer_Arithmetic_Bugs_SWC_101,Unprotected_Ether_Withdrawal_SWC_105}",{},{},{}
SBCurated/open_address_lottery.sol,open_address_lottery.sol,mythril-0.23.15,solidity,2023/01/20,20241115_0431,1731701604.587329,2396.870575904846,1,"{Dependence_on_predictable_environment_variable_SWC_120,Integer_Arithmetic_Bugs_SWC_101}",{},{},{}
SBCurated/overflow_simple_add.sol,overflow_simple_add.sol,mythril-0.23.15,solidity,2023/01/20,20241115_0431,1731668288.243041,10.34761905670166,1,{Integer_Arithmetic_Bugs_SWC_101},{},{},{}
SBCurated/overflow_single_tx.sol,overflow_single_tx.sol,mythril-0.23.15,solidity,2023/01/20,20241115_0431,1731693357.0857432,24.886160850524902,1,{Integer_Arithmetic_Bugs_SWC_101},{},{},{}
SBCurated/parity_wallet_bug_2.sol,parity_wallet_bug_2.sol,mythril-0.23.15,solidity,2023/01/20,20241115_0431,1731678020.4808462,5793.3497059345245,1,"{Dependence_on_predictable_environment_variable_SWC_116,Exception_State_SWC_110,Integer_Arithmetic_Bugs_SWC_101}",{},{},{}
SBCurated/phishable.sol,phishable.sol,mythril-0.23.15,solidity,2023/01/20,20241115_0431,1731646820.353281,13.870625019073486,1,"{Dependence_on_tx_origin_SWC_115,Unprotected_Ether_Withdrawal_SWC_105}",{},{},{}
SBCurated/proxy.sol,proxy.sol,mythril-0.23.15,solidity,2023/01/20,20241115_0431,1731658959.144385,12.347710847854614,1,{Delegatecall_to_user_supplied_address_SWC_112},{},{},{}
SBCurated/random_number_generator.sol,random_number_generator.sol,mythril-0.23.15,solidity,2023/01/20,20241115_0431,1731668298.591701,8.323662996292114,0,{},{},{},{}
SBCurated/reentrance.sol,reentrance.sol,mythril-0.23.15,solidity,2023/01/20,20241115_0431,1731691244.217798,37.90875315666199,1,"{External_Call_To_User_Supplied_Address_SWC_107,State_access_after_external_call_SWC_107,Unchecked_return_value_from_external_call_SWC_104,Unprotected_Ether_Withdrawal_SWC_105}",{},{},{}
SBCurated/reentrancy_bonus.sol,reentrancy_bonus.sol,mythril-0.23.15,solidity,2023/01/20,20241115_0431,1731693703.583746,13.268588066101074,1,{External_Call_To_User_Supplied_Address_SWC_107},{},{},{}
SBCurated/reentrancy_cross_function.sol,reentrancy_cross_function.sol,mythril-0.23.15,solidity,2023/01/20,20241115_0431,1731677982.536503,15.31350302696228,1,"{External_Call_To_User_Supplied_Address_SWC_107,State_access_after_external_call_SWC_107}",{},{},{}
SBCurated/reentrancy_dao.sol,reentrancy_dao.sol,mythril-0.23.15,solidity,2023/01/20,20241115_0431,1731645093.007647,13.724767923355103,1,"{External_Call_To_User_Supplied_Address_SWC_107,State_access_after_external_call_SWC_107}",{},{},{}
SBCurated/reentrancy_insecure.sol,reentrancy_insecure.sol,mythril-0.23.15,solidity,2023/01/20,20241115_0431,1731707107.762354,10.185385942459106,1,"{External_Call_To_User_Supplied_Address_SWC_107,State_access_after_external_call_SWC_107}",{},{},{}
SBCurated/reentrancy_simple.sol,reentrancy_simple.sol,mythril-0.23.15,solidity,2023/01/20,20241115_0431,1731714429.4813519,19.107006072998047,1,"{External_Call_To_User_Supplied_Address_SWC_107,State_access_after_external_call_SWC_107}",{},{},{}
SBCurated/roulette.sol,roulette.sol,mythril-0.23.15,solidity,2023/01/20,20241115_0431,1731725302.448367,110.72475290298462,1,"{Dependence_on_predictable_environment_variable_SWC_116,Unprotected_Ether_Withdrawal_SWC_105}",{},{},{}
SBCurated/rubixi.sol,rubixi.sol,mythril-0.23.15,solidity,2023/01/20,20241115_0431,1731707160.4307709,34.69673705101013,1,{Exception_State_SWC_110},{},{},{}
SBCurated/send_loop.sol,send_loop.sol,mythril-0.23.15,solidity,2023/01/20,20241115_0431,1731725431.0553741,6.527220010757446,1,{Multiple_Calls_in_a_Single_Transaction_SWC_113},{},{},{}
SBCurated/short_address_example.sol,short_address_example.sol,mythril-0.23.15,solidity,2023/01/20,20241115_0431,1731676528.28796,13.184628963470459,0,{},{},{},{}
SBCurated/simple_dao.sol,simple_dao.sol,mythril-0.23.15,solidity,2023/01/20,20241115_0431,1731692772.7913659,20.98135495185852,1,"{External_Call_To_User_Supplied_Address_SWC_107,State_access_after_external_call_SWC_107,Unchecked_return_value_from_external_call_SWC_104,Unprotected_Ether_Withdrawal_SWC_105}",{},{},{}
SBCurated/simple_suicide.sol,simple_suicide.sol,mythril-0.23.15,solidity,2023/01/20,20241115_0431,1731646842.267661,5.899488925933838,1,{Unprotected_Selfdestruct_SWC_106},{},{},{}
SBCurated/smart_billions.sol,smart_billions.sol,mythril-0.23.15,solidity,2023/01/20,20241115_0431,1731685397.078544,5847.134203195572,1,"{Dependence_on_predictable_environment_variable_SWC_120,Exception_State_SWC_110,Integer_Arithmetic_Bugs_SWC_101}",{},{},{}
SBCurated/spank_chain_payment.sol,spank_chain_payment.sol,mythril-0.23.15,solidity,2023/01/20,20241115_0431,1731707219.173027,7210.306018829346,,{},{},{},{DOCKER_TIMEOUT}
SBCurated/timed_crowdsale.sol,timed_crowdsale.sol,mythril-0.23.15,solidity,2023/01/20,20241115_0431,1731668281.071688,7.17022705078125,0,{},{},{},{}
SBCurated/timelock.sol,timelock.sol,mythril-0.23.15,solidity,2023/01/20,20241115_0431,1731660799.919135,21.359967947006226,1,"{Dependence_on_predictable_environment_variable_SWC_116,Integer_Arithmetic_Bugs_SWC_101}",{},{},{}
SBCurated/token.sol,token.sol,mythril-0.23.15,solidity,2023/01/20,20241115_0431,1731725449.250401,8.113537073135376,1,{Integer_Arithmetic_Bugs_SWC_101},{},{},{}
SBCurated/tokensalechallenge.sol,tokensalechallenge.sol,mythril-0.23.15,solidity,2023/01/20,20241115_0431,1731683813.8321762,66.60589790344238,1,{Integer_Arithmetic_Bugs_SWC_101},{},{},{}
SBCurated/unchecked_return_value.sol,unchecked_return_value.sol,mythril-0.23.15,solidity,2023/01/20,20241115_0431,1731693693.047981,10.534613132476807,1,"{External_Call_To_User_Supplied_Address_SWC_107,Unchecked_return_value_from_external_call_SWC_104}",{},{},{}
SBCurated/unprotected0.sol,unprotected0.sol,mythril-0.23.15,solidity,2023/01/20,20241115_0431,1731693665.24176,7.036433935165405,0,{},{},{},{}
SBCurated/wallet_02_refund_nosub.sol,wallet_02_refund_nosub.sol,mythril-0.23.15,solidity,2023/01/20,20241115_0431,1731707117.948815,42.48087501525879,1,{Exception_State_SWC_110},{},{},{}
SBCurated/wallet_03_wrong_constructor.sol,wallet_03_wrong_constructor.sol,mythril-0.23.15,solidity,2023/01/20,20241115_0431,1731700332.83956,29.796876907348633,1,{Exception_State_SWC_110},{},{},{}
SBCurated/wallet_04_confused_sign.sol,wallet_04_confused_sign.sol,mythril-0.23.15,solidity,2023/01/20,20241115_0431,1731658403.392511,25.19917917251587,1,"{Exception_State_SWC_110,Integer_Arithmetic_Bugs_SWC_101,Unprotected_Ether_Withdrawal_SWC_105}",{},{},{}
